{
    "data": [
        {
            "kp_loc": [
                [
                    265.3213195800781,
                    386.1680908203125,
                    363.9552307128906,
                    230.47088623046875,
                    234.75494384765625,
                    427.4619140625,
                    411.8696594238281,
                    206.35293579101562,
                    314.8519287109375,
                    364.8837890625,
                    348.5594482421875,
                    295.8174743652344,
                    266.0220642089844,
                    292.59698486328125,
                    403.78814697265625,
                    387.29791259765625,
                    237.9943084716797,
                    428.3680725097656,
                    413.12908935546875,
                    209.08319091796875,
                    308.72064208984375,
                    280.8169250488281
                ],
                [
                    267.590087890625,
                    260.48455810546875,
                    241.62359619140625,
                    249.90345764160156,
                    278.3433532714844,
                    255.89443969726562,
                    238.44969177246094,
                    262.4841613769531,
                    219.44418334960938,
                    214.796875,
                    199.84033203125,
                    205.1572265625,
                    221.89976501464844,
                    239.13099670410156,
                    223.7259521484375,
                    207.33453369140625,
                    253.4038848876953,
                    225.41127014160156,
                    205.5838165283203,
                    236.10008239746094,
                    235.40408325195312,
                    213.53268432617188
                ]
            ],
            "kp_vis": [
                0.0,
                1.0,
                1.0,
                1.0,
                1.0,
                1.0,
                1.0,
                1.0,
                0.0,
                0.0,
                0.0,
                1.0,
                1.0,
                0.0,
                0.0,
                1.0,
                0.0,
                1.0,
                1.0,
                1.0,
                0.0,
                1.0
            ]
        },
        {
            "kp_loc": [
                [
                    396.70758056640625,
                    288.7737731933594,
                    259.7397155761719,
                    365.2278137207031,
                    419.2132873535156,
                    248.72174072265625,
                    224.67059326171875,
                    387.17266845703125,
                    343.7073974609375,
                    298.68817138671875,
                    278.8946533203125,
                    321.81329345703125,
                    341.10528564453125,
                    369.5958251953125,
                    265.6319580078125,
                    245.33120727539062,
                    418.0810546875,
                    246.18939208984375,
                    222.22793579101562,
                    386.545166015625,
                    358.90533447265625,
                    325.3786926269531
                ],
                [
                    254.9259490966797,
                    278.3310241699219,
                    246.5122833251953,
                    224.81297302246094,
                    256.0816955566406,
                    283.54730224609375,
                    254.87799072265625,
                    229.67056274414062,
                    223.6909637451172,
                    231.85716247558594,
                    211.69430541992188,
                    204.26364135742188,
                    210.90762329101562,
                    236.31442260742188,
                    249.5323486328125,
                    226.0403594970703,
                    235.4794158935547,
                    257.6911926269531,
                    229.9665985107422,
                    209.83566284179688,
                    237.49240112304688,
                    207.24501037597656
                ]
            ],
            "kp_vis": [
                1.0,
                1.0,
                0.0,
                0.0,
                0.0,
                1.0,
                0.0,
                0.0,
                1.0,
                1.0,
                1.0,
                1.0,
                1.0,
                1.0,
                1.0,
                1.0,
                1.0,
                1.0,
                1.0,
                1.0,
                1.0,
                0.0
            ]
        },
        {
            "kp_loc": [
                [
                    410.60833740234375,
                    245.95628356933594,
                    259.2151184082031,
                    412.27392578125,
                    451.38250732421875,
                    193.21871948242188,
                    208.3665313720703,
                    444.0887145996094,
                    336.228515625,
                    270.36004638671875,
                    278.59576416015625,
                    340.0111389160156,
                    372.563232421875,
                    370.0574035644531,
                    221.48109436035156,
                    234.58839416503906,
                    447.65728759765625,
                    191.062255859375,
                    206.23495483398438,
                    441.875,
                    349.83245849609375,
                    352.7762451171875
                ],
                [
                    258.2182922363281,
                    259.7288513183594,
                    257.3242492675781,
                    255.4822235107422,
                    271.39642333984375,
                    258.8866882324219,
                    256.23455810546875,
                    266.8174743652344,
                    203.31121826171875,
                    202.84364318847656,
                    204.71963500976562,
                    205.80975341796875,
                    224.92160034179688,
                    223.86203002929688,
                    217.4206085205078,
                    218.4304656982422,
                    237.5222625732422,
                    220.34153747558594,
                    220.36050415039062,
                    236.06317138671875,
                    218.65219116210938,
                    218.78866577148438
                ]
            ],